{
  "aqi_t_plus_48": 0.46628605987172866,
  "temp_roll_mean_24": 0.16180983714665825,
  "humidity_roll_std_24": 0.01272120744334581,
  "pm10_roll_std_12": 0.010679116936220949,
  "co_roll_mean_12": 0.01477159935700624,
  "wind_speed_roll_mean_24": 0.02623065171844628,
  "co_lag_12": 0.012303392616774277,
  "temp_lag_6": 0.011360039675539139,
  "temp_roll_std_24": 0.012850860856897748,
  "pm2_5_roll_mean_12": 0.016340762964513905,
  "no2_roll_mean_12": 0.016826943722492167,
  "pm10_lag_24": 0.014803191776070493,
  "so2_roll_mean_24": 0.019256468055744394,
  "o3_roll_mean_24": 0.014978819883230781,
  "pm10_lag_12": 0.0057090183245496326,
  "no2_lag_24": 0.010689321159811941,
  "pm10_roll_mean_24": 0.009872385701327613,
  "pm2_5_lag_24": 0.008985101097704533,
  "aqi_roll_std_24": 0.005516613901562555,
  "humidity_roll_mean_24": 0.0251531768850409,
  "dayofweek": 0.008350079794699644,
  "pm2_5_roll_mean_24": 0.01751472626895359,
  "pm2_5_roll_std_24": 0.016462255280752045,
  "o3_roll_std_24": 0.013408879175020715,
  "so2_roll_std_24": 0.014502862749703478,
  "co_lag_24": 0.013849722030630405,
  "no2_roll_std_24": 0.011438659303592945,
  "co_roll_mean_24": 0.009780172488473378,
  "so2_lag_24": 0.009709730911156267,
  "aqi_t_plus_1": 0.0019239562783220547,
  "aqi_t_plus_6": 0.0017139211502731316,
  "aqi_t_plus_12": 0.0022014725460579444,
  "aqi_t_plus_24": 0.001998992927698239
}