{
  "aqi_t_plus_48": 0.5829958040390668,
  "aqi_t_plus_72": 0.5272518231527928,
  "pm2_5_roll_mean_12": 0.11464085439009651,
  "pm10_lag_24": 0.08144771117758164,
  "pm2_5_roll_mean_24": 0.052778602875824206,
  "co_lag_12": 0.0443539573744677,
  "pm10_lag_12": 0.04327752656609362,
  "pm2_5_roll_std_24": 0.03878614055285941,
  "co_roll_mean_24": 0.027035866940033196,
  "temp_lag_6": 0.023483941251748817,
  "dayofweek": 0.021828832729091193,
  "no2_lag_24": 0.020229703477105062,
  "wind_speed_roll_mean_24": 0.01962085811987322,
  "so2_roll_std_24": 0.01831039017329793,
  "pm2_5_lag_24": 0.016851303582777526,
  "no2_roll_std_24": 0.015448890914061096,
  "temp_roll_std_24": 0.013486646753185286,
  "pm10_roll_mean_24": 0.012210804667728229,
  "co_lag_24": 0.011983669287471323,
  "aqi_roll_std_24": 0.010088392844113945,
  "temp_roll_mean_24": 0.009911415890637147,
  "o3_roll_std_24": 0.009849478246781132,
  "co_roll_mean_12": 0.008684360284170013,
  "o3_roll_mean_24": 0.007978111482854386,
  "humidity_roll_std_24": 0.007166189683703042,
  "pm10_roll_std_12": 0.00710649703484153,
  "so2_roll_mean_24": 0.006551629151018825,
  "so2_lag_24": 0.006349090243422581,
  "no2_roll_mean_12": 0.0055943538489476525,
  "humidity_roll_mean_24": 0.0037433108103775373,
  "aqi_t_plus_12": 0.0034597445107985014,
  "aqi_t_plus_6": 0.002847018521549919,
  "aqi_t_plus_1": 0.0022313340938053964,
  "aqi_t_plus_24": 0.0
}